qid,question,choices,context1,context2,context3,context4,context5,reason,predict,label
val_0003,"Việc đưa ra các quy định về thuế, pháp luật đã tác động đến lĩnh vực:","A. Môi trường
B. Kinh tế
C. Văn hóa
D. Quốc phòng an ninh",,,,,,Skipped because word count (16) <= 100,A,B
val_0004,"Một cửa hàng tạp hóa địa phương đã tăng giá một món đồ ăn vặt phổ biến từ 2,00 đô la lên 2,50 đô la, và lượng cầu giảm từ 100 đơn vị xuống 80 đơn vị. Sử dụng công thức trung điểm, hãy xác định độ co giãn của cầu theo giá đối với món đồ ăn vặt này?","A. -0,5
B. -1,0
C. -1,5
D. -2,0",,,,,,Skipped because word count (60) <= 100,A,B
val_0005,"Điện trở tương đương khi hai điện trở, R1 và R2, được mắc song song là gì?","A. R1 + R2
B. R1 - R2
C. (R1 * R2) / (R1 + R2)
D. (R1 + R2) / (R1 * R2)
E. R1 * R2
F. R1 / R2
G. R2 / R1
H. 1 / (R1 + R2)
I. 1 / (R1 * R2)
J. (R1 + R2) / 2",,,,,,Skipped because word count (17) <= 100,A,C
val_0006,Bạn nên làm gì khi bắt tay?,"A. Nhìn đi hướng khác
B. Nhìn xuống đất
C. Giao tiếp bằng mắt và mỉm cười
D. Nhìn xung quanh theo mọi hướng",,,,,,Skipped because word count (7) <= 100,A,C
val_0008,Giả sử một chủ doanh nghiệp tư nhân vay nợ cá nhân. Câu nào sau đây là đúng về khoản nợ này?,"A. Khoản nợ được coi là chi phí kinh doanh.
B. Chủ doanh nghiệp tư nhân phải chịu trách nhiệm cá nhân đối với khoản nợ.
C. Khoản nợ được coi là đầu tư kinh doanh.
D. Khoản nợ được chia đều giữa tất cả các cổ đông.",,,,,,Skipped because word count (22) <= 100,A,B
val_0011,"Đoạn thông tin:
[1] Tiêu đề: Cuba
Nội dung: II. Chính trị
2. Liên đoàn thương mại

Có các liên đoàn kinh tế tại Cuba, với số thành viên lên tới 98% nhân lực hòn đảo này. Các liên đoàn không đăng ký với bất kỳ một cơ quan nhà nước nào, và tự lấy kinh phí hoạt động từ nguồn đóng góp thành viên hàng tháng. Những người ủng hộ họ cho rằng các viên chức liên đoàn được bầu lên trên cơ sở tự do, và có nhiều quan điểm chính trị bên trong mỗi liên đoàn. Tuy nhiên, tất cả các liên đoàn đều là một phần của một tổ chức được gọi là Confederación de Trabajadores Cubanos (Hiệp hội Công nhân Cuba, CTC), hội này thực sự có những mối quan hệ mật thiết với nhà nước và Đảng Cộng sản. Những người ủng hộ cho rằng CTC cho phép công nhân chuyển ý kiến lên chính phủ; những người đối lập lại cho rằng chính phủ sử dụng nó để kiểm soát các công đoàn thương mại và chỉ định các thành viên lãnh đạo công đoàn. Quyền tự do bày tỏ ý kiến của công nhân cũng là một vấn đề được tranh luận. Những người ủng hộ hệ thống cho rằng những ý kiến của công nhân trên thực tế đã hình thành nên chính sách của chính phủ trong nhiều hoàn cảnh, như đề xuất cải cách thuế năm 1993, trong khi phe đối lập, đưa ra những nghiên cứu của các tổ chức lao động quốc tế cho thấy công nhân bị buộc phải thề nguyền trung thành với các lý tưởng của Đảng Cộng sản, và cho rằng chính phủ chi phối một cách có hệ thống và cản trở các nhà hoạt động công đoàn, trong khi vẫn ngăn cấm việc thành lập các liên đoàn thương mại độc lập (không thuộc CTC), rằng các lãnh đạo các liên đoàn độc lập đã bị bỏ tù, và rằng quyền đình công của công nhân không được ghi nhận trong luật.

3. Quan hệ đối ngoại

3.1. Việt Nam

Quan hệ ngoại giao giữa hai nước vô cùng đặc biệt. Ngày 12 tháng 9 năm 1973, Fidel Castro là vị nguyên thủ nước ngoài đầu tiên và duy nhất thăm vùng giải phóng miền Nam khi chiến tranh chưa kết thúc. Cũng trong chuyến thăm lần đầu tiên này, Cuba đã tặng Việt Nam 5 công trình kinh tế - xã hội với tổng trị giá khoảng 80 triệu USD bao gồm: khách sạn Thắng Lợi (Hồ Tây, Hà Nội), Bệnh viện Việt Nam - Cuba (Đồng Hới, Quảng Bình), đường Xuân Mai, trại bò giống Ba Vì, Xí nghiệp gà Lương Mỹ; tặng bò giống, gà giống và chi hơn 6 triệu USD để mua thiết bị hiện đại, đồng thời cử chuyên gia về cầu đường sang Việt Nam tham gia cùng bộ đội Trường Sơn mở rộng Đường Trường Sơn, và giúp đào tạo trên 1.000 sinh viên Việt Nam ở trình độ đại học và cao học...Cuba là nước Mỹ Latinh đầu tiên và cũng là một trong những nước sớm nhất trên thế giới công nhận chính thức Mặt trận Dân tộc Giải phóng miền Nam Việt Nam. Cơ quan đại diện thường trú của Mặt trận Dân tộc Giải phóng miền Nam Việt Nam tại La Habana (Ban đầu tòa đại sứ này đặt tạm tại một biệt thự ở khu phố lao động Kohly, nhưng sau được Chính phủ Cuba cấp thêm một biệt thự sân vườn rất lớn tại Quinta Avenida, đại lộ số 5 dài nhất và đẹp nhất thủ đô La Habana) được hưởng đầy đủ quy chế ngoại giao. Sau khi Chính phủ Cách mạng lâm thời Cộng hòa Miền Nam Việt Nam thành lập, cơ quan này nhanh chóng được chuyển thành đại sứ quán miền Nam Việt Nam. Thời chiến khốc liệt, thông cảm hoàn cảnh khó khăn của nước bạn, Thủ tướng Fidel Castro bao cấp toàn phần. Tất cả từ nhà cửa, xe cộ, trang thiết bị làm việc, ăn ở, chi phí ngoại giao, kể cả lương bổng, phụ cấp của cán bộ, nhân viên sứ quán đều được Cuba bảo đảm chu đáo.Sau Sự kiện 30 tháng 4 năm 1975, hầu hết các nước đều dừng viện trợ không hoàn lại cho Việt Nam, riêng Cuba là một trong số ít các nước tiếp tục viện trợ cho Việt Nam 10 năm tiếp theo từ 1975-1985.

3.2. Mỹ

Ngày 17 tháng 12 năm 2014, qua vai trò trung gian của Tòa Thánh Vatican, Chủ tịch Cuba Raul Castro và Tổng thống Hoa Kỳ Barack Obama tuyên bố đã đạt được một thỏa thuận về việc bình thường hóa quan hệ ngoại giao giữa hai nước sau hơn 50 năm gián đoạn. Tuy nhiên, việc bình thường hóa quan hệ còn phải trải qua một giai đoạn dài phía trước vì nó phải nhận được sự phê chuẩn từ lưỡng viện Quốc hội Hoa Kỳ. Tuy nhiên, tổng thống kế nhiệm ông Obama là Donald Trump vào năm 2016 đã hủy bỏ chính sách thân thiện của người tiền nhiệm, và tiếp tục duy trì cấm vận đối với Cuba.

III. Phân chia hành chính

Cuba có ba cấp hành chính là trung ương, tỉnh (provincias) và hạt (municipios). Cấp tỉnh có 14 đơn vị, cấp hạt có 169 đơn vị. Có một hạt đặc biệt, được xếp ngang với cấp tỉnh, đó là Isla de la Juventud. Trước kia Cuba chỉ có sáu tỉnh: Pinar del Río, Habana, Matanzas, Las Villas, Camagüey và Oriente. Cách phân chia hành chính hiện nay rất giống với kiểu tỉnh quân sự Tây Ban Nha trong những cuộc chiến tranh giành độc lập của Cuba, khi hầu hết những vùng có nhiều rắc rối đều được chia nhỏ.

IV. Địa lý

Cuba là một quần đảo nằm tại Biển Caribbean, với tọa độ địa lý 21°3N, 80°00W. Cuba là hòn đảo chính, được bao quanh bởi bốn nhóm đảo lớn. Chúng gồm Colorados, Camagüey, Jardines de la Reina và Canarreos. Hòn đảo chính Cuba chiếm hầu hết diện tích đất nước (105.006 km² hay 40.543 dặm vuông) và là hòn đảo lớn thứ 17 trên thế giới theo diện tích. Hòn đảo lớn thứ hai tại Cuba là Đảo Thanh niên (Isla de la Juventud), tên cũ là Đảo Thông (Isla de la Pinos) ở phía đông nam, với diện tích 3056 km² (1180 dặm vuông). Cuba có tổng diện tích đất liền 110.860 km².
Hòn đảo chính gồm chủ yếu các đồng bằng phẳng tới hơi dốc. Ở cực phía đông nam Sierra Maestra, một rặng núi dốc đứng với điểm cao nhất là Pico Real del Turquino 2.005 mét (6.578 ft). Khí hậu địa phương là nhiệt đới, dù được điều tiết ôn hòa bởi gió mậu dịch. Nói chúng (với biến thiên theo địa phương), có một mùa khô từ tháng 11 tới tháng 4, và một mùa mưa từ tháng 5 tới tháng 10. Nhiệt độ trung bình 21 °C vào tháng 1 và 27 °C vào tháng 7. Cuba nằm trên đường đi của các cơn bão và chúng thường xảy ra nhất trong khoảng từ tháng 9 tới tháng 10. La Habana là thành phố lớn nhất và thủ đô Cuba; các thành phố lớn khác gồm Santiago de Cuba và Camagüey. Những thị trấn khác gồm Baracoa từng là khu định cư đầu tiên của người Tây Ban Nha tại Cuba, Trinidad, và một di sản thế giới của UNESCO, and Bayamo.

V. Xã hội
1. Giáo dục

Về lịch sử, Cuba luôn có tỷ lệ giáo dục và biết chữ cao nhất Mỹ Latinh, cả trước và sau thời kỳ cách mạng. Giáo dục là miễn phí đối với mọi công dân Cuba gồm cả giáo dục đại học. Các định chế giáo dục tư nhân không được phép hoạt động. Phổ cập giáo dục áp dụng với mọi đứa trẻ từ sáu tuổi tới hết mức giáo dục cấp hai căn bản (thường là 15 tuổi) và tất cả học sinh, không cần biết giới tính và sắc tộc, đều mặc đồng phục của trường với màu sắc thể hiện cấp học. Trong suốt quá trình học, học sinh không phải trả một khoản phí nào, từ tiền may đồng phục, tiền mua sắm sách vở, giấy bút và còn được nuôi ăn một bữa hoặc cả ngày (tùy theo từng trường). Do vậy, gần như không có một trẻ em Cuba nào bị thất học, dù đó là ở nơi nông thôn xa xôi.
Giáo dục tiểu học kéo dài sáu năm, giáo dục trung học cơ sở được chia thành mức căn bản và tiền đại học. Giáo dục cao học được tiến hành tại các trường đại học, các viện, các viện sư phạm và các viện bách khoa. Đại học La Habana được thành lập năm 1728 và có một số trường cao đẳng cũng như đại học khác. Bộ Giáo dục Cao học Cuba cũng điều hành chương trình Giáo dục Từ xa mở các lớp buổi chiều và buổi tối tại các vùng nông thôn cho các lao động nông nghiệp. Giáo dục được đề cao cả về mặt chính trị và ý thức hệ, và sinh viên bậc cao học được chờ đợi sẽ là người thực hiện các mục tiêu do chính phủ Cuba đề ra.
Câu hỏi: Theo ngữ cảnh, nhận định nào sau đây chính xác về vai trò của Confederación de Trabajadores Cubanos (CTC) trong chính trị Cuba?","A. CTC là công cụ để chính phủ kiểm soát công đoàn và chỉ định lãnh đạo.
B. CTC cho phép công nhân bày tỏ ý kiến lên chính phủ thông qua các đại diện được bầu.
C. CTC là tổ chức độc lập không có mối quan hệ chính trị với Đảng Cộng sản Cuba.
D. CTC cho phép thành lập các liên đoàn thương mại độc lập ngoài hệ thống của mình.",,,,,,"Bước 1: Chủ thể là Confederación de Trabajadores Cubanos (CTC). Yêu cầu là xác định vai trò của CTC trong chính trị Cuba.
Bước 2: Dữ kiện cho thấy CTC có mối quan hệ mật thiết với nhà nước và Đảng Cộng sản, và được cho là công cụ để chính phủ kiểm soát công đoàn và chỉ định lãnh đạo. Bỏ qua thông tin về các liên đoàn thương mại khác.
Bước 3: A đúng vì CTC được cho là công cụ để chính phủ kiểm soát công đoàn và chỉ định lãnh đạo. B sai vì CTC không cho phép công nhân bày tỏ ý kiến lên chính phủ thông qua các đại diện được bầu. C sai vì CTC không phải là tổ chức độc lập không có mối quan hệ chính trị với Đảng Cộng sản Cuba. D sai vì CTC không cho phép thành lập các liên đoàn thương mại độc lập ngoài hệ thống của mình.
Bước 4: Kiểm tra lại thấy hợp lý, không mâu thuẫn.",A,B
val_0012,"Một sợi dây có chiều dài $ L $ và mật độ khối lượng tuyến tính $ \mu $ được giữ cố định ở cả hai đầu và chịu lực căng $ T $. Sợi dây được kích thích dao động sao cho tạo ra một sóng dừng với $ n $ nút (bao gồm cả các đầu mút). Nếu lực căng của sợi dây được tăng lên gấp 4 lần, tần số cơ bản $ f_1 $ của sợi dây thay đổi như thế nào?","A. $ f_1 $ không thay đổi
B. $ f_1 $ tăng gấp đôi
C. $ f_1 $ tăng gấp bốn
D. $ f_1 $ giảm một nửa
E. $ f_1 $ giảm còn một phần tư
F. $ f_1 $ tăng gấp $ \sqrt{2} $
G. $ f_1 $ giảm còn $ \frac{1}{\sqrt{2}} $
H. $ f_1 $ tăng gấp ba
I. $ f_1 $ giảm còn $ \frac{1}{3} $
J. $ f_1 $ tăng gấp tám",,,,,,Skipped because word count (86) <= 100,A,B
val_0013,Khẳng định nào là đúng về chú thích trong Python?,"A. Chú thích giúp cho các lập trình viên hiểu rõ hơn về chương trình.
B. Trình thông dịch Python sẽ bỏ qua những chú thích.
C. Có thể viết chú thích trên cùng một dòng với lệnh/biểu thức hoặc viết trên nhiều dòng mà không vấn đề gì cả
D. Tất cả các đáp án trên.",,,,,,Skipped because word count (10) <= 100,A,D
val_0016,"Trong một thí nghiệm phân tán hạt, tiết diện vi phân $ \frac{d\sigma}{d\Omega} $ cho sự phân tán vào một góc khối $ d\Omega $ được cho bởi công thức Rutherford:
$$
\frac{d\sigma}{d\Omega} = \left( \frac{Z_1 Z_2 e^2}{4 \pi \epsilon_0 E} \right)^2 \frac{1}{\sin^4(\theta/2)}
$$
Nếu số nguyên tử $ Z_1 $ của hạt tới được gấp đôi trong khi tất cả các tham số khác không đổi, thì tiết diện vi phân tại một góc cố định $ \theta $ thay đổi theo nhân tử nào?","A. 2
B. 4
C. 1/2
D. 1/4
E. 1/8
F. 8
G. 16
H. 1/16
I. 1/32
J. 32",,,,,,Skipped because word count (86) <= 100,A,B
val_0017,Nước Cộng hòa xã hội chủ nghĩa Việt Nam là một hệ thống bao gồm tập hợp các cơ quan:,"A. Cơ quan quyền lực Nhà nước
B. Cơ quan hành chính Nhà nước
C. Cơ quan kiểm sát và xét xử
D. Cả ba phương án còn lại đều đúng",,,,,,Skipped because word count (20) <= 100,A,D
val_0018,Tính khách quan của chân lý thể hiện ở chỗ nào?,"A. Nó lệ thuộc vào ý thức của con người
B. Nó phù hợp với mong muốn của con người
C. Nó được tạo ra bởi con người
D. Nó phù hợp với hiện thực khách quan và không lệ thuộc vào ý thức của con người",,,,,,Skipped because word count (11) <= 100,A,D
val_0020,"Một hạt đang chuyển động với tốc độ $0.6c$, trong đó $c$ là tốc độ ánh sáng. Động lượng tương đối $p$ của hạt là bao nhiêu nếu khối lượng nghỉ của nó là $m_0$?","A. $0.6m_0c$
B. $1.25m_0c$
C. $0.75m_0c$
D. $1.5m_0c$
E. $1.0m_0c$
F. $1.2m_0c$
G. $1.33m_0c$
H. $1.1m_0c$
I. $1.4m_0c$
J. $1.6m_0c$",,,,,,Skipped because word count (35) <= 100,A,C
val_0021,Câu hỏi nào sau đây là phát biểu chính xác về toàn cầu hóa và tác động của nó đến các nước phát triển?,"A. Toàn cầu hóa ảnh hưởng tiêu cực đến tốc độ tăng trưởng kinh tế của các nước phát triển.
B. Toàn cầu hóa bảo vệ các ngành công nghiệp trong nước khỏi cạnh tranh từ nước ngoài.
C. Các nước phát triển có vai trò nhỏ hơn trong nền kinh tế toàn cầu do toàn cầu hóa.
D. Toàn cầu hóa mang lại cơ hội mới cho các nước phát triển mở rộng thị trường của họ.",,,,,,Skipped because word count (24) <= 100,A,D
val_0022,"Theo cách nào thì việc làm theo nguyên tắc ""employment at will"" liên quan đến các khiếu nại về sa thải sai trái?","A. Các khiếu nại về sa thải sai trái lấn át nguyên tắc ""employment at will""
B. Nguyên tắc ""employment at will"" khiến các khiếu nại về sa thải sai trái trở nên không cần thiết
C. Nguyên tắc ""employment at will"" và các khiếu nại về sa thải sai trái không liên quan đến nhau
D. Các khiếu nại về sa thải sai trái cung cấp các ngoại lệ cho nguyên tắc ""employment at will""",,,,,,Skipped because word count (23) <= 100,A,D
val_0025,Công thức hoá học của oxit có thành phần phần trăm của S là 40%:,"A. SO2.
B. SO3.
C. SO.
D. S2O4.",,,,,,Skipped because word count (15) <= 100,A,B
val_0026,"Một máy bay không người lái đang bay ở độ cao không đổi và được sử dụng để đo khoảng cách đến một điểm trên mặt đất. Nếu máy bay không người lái đang bay ở độ cao 100 mét và khoảng cách ngang đến điểm trên mặt đất là 150 mét, thì khoảng cách thẳng từ máy bay không người lái đến điểm trên mặt đất là bao nhiêu?","A. 175,00 mét
B. 180,28 mét
C. 185,00 mét
D. 190,53 mét
E. 195,00 mét
F. 200,00 mét
G. 205,00 mét
H. 210,00 mét
I. 215,00 mét
J. 220,00 mét",,,,,,Skipped because word count (70) <= 100,A,B
val_0027,Một hạt chuyển động dọc theo trục y với vị trí của nó được cho bởi hàm số $ y(t) = t^4 - 8t^3 + 18t^2 - 10 $. Ở thời điểm $ t $ nào thì hạt đạt được gia tốc nhỏ nhất trong khoảng $ 0 \leq t \leq 5 $?,"A. $ t = 0 $
B. $ t = 1 $
C. $ t = 2 $
D. $ t = 3 $
E. $ t = 4 $
F. $ t = 5 $
G. $ t = \sqrt{2} $
H. $ t = 2\sqrt{2} $
I. $ t = 3\sqrt{2} $
J. $ t = 4\sqrt{2} $",,,,,,Skipped because word count (53) <= 100,A,C
val_0028,"Nếu một doanh nghiệp có chi phí biến đổi trung bình là 15 đô la và chi phí biên là 20 đô la, thì tác động đến chi phí biến đổi trung bình sẽ như thế nào nếu lượng sản phẩm đầu ra tăng thêm một đơn vị?","A. Chi phí biến đổi trung bình sẽ giảm.
B. Chi phí biến đổi trung bình sẽ tăng.
C. Chi phí biến đổi trung bình sẽ không thay đổi.
D. Không thể xác định được tác động với thông tin này.",,,,,,Skipped because word count (48) <= 100,A,B
val_0030,"Trong phong trào chính trị quốc tế, đảng cánh Tả được coi là đảng có xu hướng","A. Bảo thủ, trì trệ, không cải cách, đại diện cho giai cấp, tầng lớp quý tộc, tư sản lớp trên
B. Tiến bộ, dân chủ, tự do, đại diện cho giai cấp nông dân, bình dân, vô sản lớp dưới",,,,,,Skipped because word count (17) <= 100,A,B
val_0031,Khí nhà kính nào chiếm khoảng một nửa khối lượng khí nhà kính?,"A. Mêtan (CH4)
B. Ôzôn đối lưu (O3)
C. Điôxít Cacbon (CO2)
D. Ôxít nitơ (N2O)",,,,,,Skipped because word count (13) <= 100,A,C
val_0034,Làm thế nào việc mở rộng Medicaid ảnh hưởng đến khả năng tiếp cận dịch vụ chăm sóc dự phòng cho những người có thu nhập thấp?,"A. Việc mở rộng Medicaid làm giảm khả năng tiếp cận dịch vụ chăm sóc dự phòng cho những người có thu nhập thấp.
B. Việc mở rộng Medicaid không ảnh hưởng đến khả năng tiếp cận dịch vụ chăm sóc dự phòng cho những người có thu nhập thấp.
C. Việc mở rộng Medicaid làm tăng khả năng tiếp cận dịch vụ chăm sóc dự phòng cho những người có thu nhập thấp.
D. Tác động của việc mở rộng Medicaid đến khả năng tiếp cận dịch vụ chăm sóc dự phòng là chưa rõ ràng.",,,,,,Skipped because word count (27) <= 100,A,C
val_0035,"Theo quy trình cấp Chứng nhận trường mầm non đạt kiểm định chất lượng giáo dục, thành phần hồ sơ bắt buộc gồm những tài liệu nào?","A. 01 bản chính báo cáo tự đánh giá và 02 bản chính công văn đăng ký
B. 02 bản chính báo cáo tự đánh giá và 01 bản chính công văn đăng ký
C. 01 bản chính báo cáo tự đánh giá và 01 bản chính công văn đăng ký
D. 02 bản chính báo cáo tự đánh giá và 02 bản chính công văn đăng ký",,,,,,Skipped because word count (27) <= 100,A,B
val_0036,"Nguyên lý về sự lựa chọn hợp lý phát biểu rằng, bạn sẽ lựa chọn việc sử dụng thu nhập tăng thêm của mình để cho:","A. Tổng độ thỏa dụng trên mỗi đồng (VNĐ) là lớn nhất.
B. Độ thỏa dụng biên trên mỗi đồng là lớn nhất.
C. Độ thỏa dụng trung bình trên mỗi đồng là lớn nhất.
D. Tổng độ thỏa dụng trên mỗi đồng là nhỏ nhất.",,,,,,Skipped because word count (26) <= 100,A,B
val_0037,Nhiệm vụ nào sau đây KHÔNG thuộc khoa học xã hội?,"A. Phát triển các lý thuyết mới về hành vi con người
B. Tìm hiểu và xác nhận các lý thuyết xã hội
C. Nghiên cứu công thức hóa học của các hợp chất
D. Khuyến khích phát triển hài hòa về xã hội và tâm lý",,,,,,Skipped because word count (11) <= 100,A,C
val_0038,"Một chất phóng xạ phân rã theo phương trình vi phân $ \frac{dA}{dt} = -kA $, trong đó $ A $ là lượng chất và $ k $ là một hằng số. Nếu lượng ban đầu là 500 gam và nó giảm xuống còn 250 gam sau 4 năm, thì lượng còn lại sau 8 năm là bao nhiêu?","A. 100 gam
B. 125 gam
C. 150 gam
D. 175 gam
E. 200 gam
F. 225 gam
G. 250 gam
H. 275 gam
I. 300 gam
J. 325 gam",,,,,,Skipped because word count (59) <= 100,A,B
val_0039,Nguyễn Ái Quốc đã mở nhiều lớp huấn luyện đào tạo cán bộ cho cách mạng Việt Nam ở đâu,"A. Việt Bắc (Việt Nam)
B. Quảng Châu (Trung Quốc)
C. Hồng kông (Trung Quốc)",,,,,,Skipped because word count (20) <= 100,A,B
val_0040,"Một nhà nghiên cứu đang kiểm định giả thuyết không $ H_0: \mu = 50 $ đối với giả thuyết thay thế $ H_1: \mu > 50 $ bằng cách sử dụng một mẫu có kích thước $ n = 36 $ từ một quần thể có phân phối chuẩn với phương sai chưa biết. Giá trị trung bình mẫu là $ \bar{x} = 53 $ và độ lệch chuẩn mẫu là $ s = 6 $. Trong số các phát biểu sau, phát biểu nào là đúng về giá trị thống kê t?","A. Giá trị thống kê t nhỏ hơn 1,0
B. Giá trị thống kê t nằm trong khoảng từ 1,0 đến 1,5
C. Giá trị thống kê t nằm trong khoảng từ 1,5 đến 2,0
D. Giá trị thống kê t nằm trong khoảng từ 2,0 đến 2,5
E. Giá trị thống kê t lớn hơn 2,5
F. Giá trị thống kê t chính xác bằng 1,0
G. Giá trị thống kê t chính xác bằng 1,5
H. Giá trị thống kê t chính xác bằng 2,0
I. Giá trị thống kê t chính xác bằng 2,5
J. Giá trị thống kê t không thể xác định được mà không có mức ý nghĩa",,,,,,Skipped because word count (94) <= 100,A,E
val_0041,"Theo quan điểm của Chủ Tịch Hồ Chí Minh, con đường giải phóng dân tộc hướng tới mục tiêu nào?","A. Một nền cộng hoà thế giới chân chính, xoá bỏ sự phân biệt giàu nghèo và biên giới quốc gia
B. Sự tự do, bình đẳng, bác ái, đoàn kết trên toàn cầu
C. Một xã hội bình đẳng, công bằng, không có áp bức bóc lột
D. Chỉ có chủ nghĩa xã hội mới cứu được nhân loại",,,,,,Skipped because word count (20) <= 100,A,C
val_0042,"Trong một nền kinh tế hai hàng hóa, nếu giá của hàng hóa X là 5 đô la và giá của hàng hóa Y là 10 đô la, và người tiêu dùng có thu nhập là 100 đô la, thì độ dốc của đường ngân sách là bao nhiêu?","A. -2
B. -0,5
C. 2
D. 0,5",,,,,,Skipped because word count (49) <= 100,A,B
val_0043,"Một phân tử của một hợp chất nhất định có mô men lưỡng cực $ \mu $ và được đặt trong một trường điện đều $ E $. Phân tử có thể định hướng theo trường, và năng lượng thế $ U $ của phân tử trong trường có thể được mô tả bởi phương trình $ U = -\mu E \cos(\theta) $, trong đó $ \theta $ là góc giữa mô men lưỡng cực và trường điện. Nếu phân tử ban đầu được định hướng ở góc $ 60^\circ $ so với trường điện, và sau đó định hướng hoàn toàn theo trường (tức là $ \theta = 0^\circ $), thì độ biến thiên của năng lượng thế $ \Delta U $ là bao nhiêu?","A. $ \Delta U = -\mu E $
B. $ \Delta U = \mu E $
C. $ \Delta U = \frac{\mu E}{2} $
D. $ \Delta U = -\frac{\mu E}{2} $
E. $ \Delta U = 0 $
F. $ \Delta U = \mu E \cos(60^\circ) $
G. $ \Delta U = -\mu E \cos(60^\circ) $
H. $ \Delta U = \mu E \cos(30^\circ) $
I. $ \Delta U = -\mu E \cos(30^\circ) $
J. $ \Delta U = -\frac{\mu E}{\sqrt{2}} $",,,,,,"Bước 1: Chủ thể là phân tử của hợp chất có mô men lưỡng cực μ và được đặt trong trường điện đều E. Yêu cầu là tìm độ biến thiên của năng lượng thế ΔU khi phân tử thay đổi định hướng từ góc 60° sang 0° so với trường điện.
Bước 2: Dữ kiện cho thấy năng lượng thế U của phân tử được mô tả bởi phương trình U = -μE cos(θ), trong đó θ là góc giữa mô men lưỡng cực và trường điện. Bỏ qua thông tin về các chủ thể khác.
Bước 3: Xét lần lượt từng đáp án:
- A sai vì ΔU = -μE không phù hợp với phương trình U = -μE cos(θ).
- B sai vì ΔU = μE không phù hợp với phương trình U = -μE cos(θ).
- C đúng vì ΔU = μE/2 phù hợp với phương trình U = -μE cos(θ) khi θ thay đổi từ 60° sang 0°.
- D sai vì ΔU = -μE/2 không phù hợp với phương trình U = -μE cos(θ).
- E sai vì ΔU = 0 không phù hợp với phương trình U = -μE cos(θ).
- F sai vì ΔU = μE cos(60°) không phù hợp với phương trình U = -μE cos(θ).
- G sai vì ΔU = -μE cos(60°) không phù hợp với phương trình U = -μE cos(θ).
- H sai vì ΔU = μE cos(30°) không phù hợp với phương trình U = -μE cos(θ).
- I sai vì ΔU = -μE cos(30°) không phù hợp với phương trình U = -μE cos(θ).
- J sai vì ΔU = -μE/√2 không phù hợp với phương trình U = -μE cos(θ).
Bước 4: Kiểm tra lại thấy hợp lý.",C,D
val_0044,Cách trách nhiệm xã hội của doanh nghiệp (CSR) thường mang lại lợi ích gì cho doanh nghiệp?,"A. Bằng cách làm tăng chi phí vận hành.
B. Bằng cách làm giảm tinh thần làm việc của nhân viên.
C. Bằng cách cải thiện hình ảnh công chúng của doanh nghiệp.
D. Bằng cách giới hạn tiếp cận thị trường.
E. Bằng cách làm giảm lòng trung thành của khách hàng.
F. Bằng cách tăng cường giám sát từ cơ quan quản lý.
G. Bằng cách làm giảm chất lượng sản phẩm.
H. Bằng cách làm tăng tỷ lệ nhân viên nghỉ việc.
I. Bằng cách làm giảm đổi mới.
J. Bằng cách tăng nghĩa vụ thuế.",,,,,,Skipped because word count (18) <= 100,A,C
val_0049,"Lãi suất danh nghĩa là 10% được tính theo kỳ bán niên, vậy lãi suất hàng năm hiệu quả là bao nhiêu?","A. 10.00%
B. 10.25%
C. 10.50%
D. 10.75%
E. 11.00%
F. 11.25%
G. 11.50%
H. 11.75%
I. 12.00%
J. 12.25%",,,,,,Skipped because word count (22) <= 100,A,B
val_0050,Chủ Tịch Hồ Chí Minh đã tiếp thu những giá trị tích cực nào từ Nho giáo để phục vụ cách mạng?,"A. Câu trả lời nằm ngoài phạm vi trả lời
B. Lý tưởng xã hội bình trị và đại đồng
C. Triết lý tu thân dưỡng tính
D. Đề cao văn hóa, lễ giáo và truyền thống hiếu học",,,,,,Skipped because word count (22) <= 100,A,C
val_0052,"Các giá trị Chân – Thiện – Mỹ hợp thành hệ thống giá trị chuẩn mực của văn hóa, trong đó giá trị Mỹ được hiểu là cái đẹp, sự thẩm mỹ hóa, sự hài hòa. Nó là sản phẩm của lĩnh vực Nghệ Thuật và biểu hiện tính:","A. Nhân bản
B. Nhân đạo
C. Nhân văn
D. Nhân nghĩa",,,,,,Skipped because word count (49) <= 100,A,C
val_0054,Điều gì xảy ra khi tiết kiệm thực tế khác với tiết kiệm theo kế hoạch?,"A. Điều chỉnh giá
B. Điều chỉnh sản lượng
C. Điều chỉnh tồn kho
D. Điều chỉnh lãi suất",,,,,,Skipped because word count (16) <= 100,A,C
val_0056,Những trường hợp nào khoan giếng không phải đăng ký khai thác?,"A. Khai thác, sử dụng nước cho sinh hoạt của hộ gia đình; sử dụng nước biển để sản xuất muối.
B. Khai thác, sử dụng nước với quy mô nhỏ cho sản xuất, kinh doanh, dịch vụ; sử dụng nước phục vụ các hoạt động văn hóa, tôn giáo, nghiên cứu khoa học.
C. Khai thác, sử dụng nước cho phòng cháy, chữa cháy, ứng phó, khắc phục sự cố ô nhiễm, dịch bệnh và các trường hợp khẩn cấp khác theo quy định của pháp luật về tình trạng khẩn cấp.
D. Tất cả đáp án trên.",,,,,,Skipped because word count (12) <= 100,A,D
val_0061,Giáo dục đóng vai trò:,"A. Phát triển nhân cách
B. Tái tạo sức lao động
C. Thúc đẩy tiến bộ xã hội
D. Tất cả các ý trên",,,,,,Skipped because word count (5) <= 100,A,D
val_0065,"Một quả bóng bay hình cầu có bán kính $ R $ đang được bơm phồng. Áp suất bên trong quả bóng tỷ lệ thuận với lực căng bề mặt $ \sigma $ và tỷ lệ nghịch với bán kính $ R $. Nếu bán kính của quả bóng được nhân đôi, áp suất bên trong quả bóng thay đổi theo nhân tử nào?","A. $ \frac{1}{4} $
B. $ \frac{1}{2} $
C. $ 1 $
D. $ 2 $
E. $ 4 $
F. $ 8 $
G. $ 16 $
H. $ \frac{1}{8} $
I. $ \frac{1}{16} $
J. $ 3 $",,,,,,Skipped because word count (64) <= 100,A,B
val_0067,Giải pháp nào sau đây được đề xuất để xử lý lỗi xác thực khi nộp hồ sơ thẩm duyệt thiết kế về phòng cháy và chữa cháy?,"A. Kiểm tra lại hồ sơ để đảm bảo đầy đủ giấy tờ
B. Liên hệ với cơ quan chức năng để được hỗ trợ trực tiếp
C. Gửi hồ sơ qua dịch vụ bưu chính công ích
D. Gọi tổng đài kỹ thuật của hệ thống để khắc phục lỗi",,,,,,Skipped because word count (28) <= 100,A,B
val_0068,Làm thế nào một sự gia tăng mức lương tối thiểu có thể ảnh hưởng đến thị trường lao động nếu nó được đặt ở mức cao hơn mức lương cân bằng?,"A. Nó sẽ không có tác động đến mức độ việc làm.
B. Nó sẽ dẫn đến sự gia tăng trong cung lao động.
C. Nó sẽ tạo ra tình trạng dư thừa lao động, dẫn đến tỷ lệ thất nghiệp cao hơn.
D. Nó sẽ làm giảm nhu cầu về lao động.",,,,,,Skipped because word count (32) <= 100,A,C
val_0070,"Hệ thống chính trị là chỉnh thể các thiết chế thực thi quyền lực chính trị, bao gồm các bộ phận cấu thành là:","A. Đảng chính trị
B. Nhà nước
C. Các tổ chức chính trị-xã hội
D. Tất cả các phương án trên",,,,,,Skipped because word count (24) <= 100,A,D
val_0071,"Xét các điểm $ A(1, 2) $, $ B(4, 6) $, và $ C(7, 2) $ trong mặt phẳng tọa độ. Một đường thẳng $ L $ đi qua điểm $ A $ và song song với đoạn thẳng $ BC $. Phương trình của đường thẳng $ L $ là gì?","A. $ y = \frac{4}{3}x - \frac{2}{3} $
B. $ y = \frac{3}{4}x + \frac{5}{4} $
C. $ y = -\frac{4}{3}x + \frac{10}{3} $
D. $ y = -\frac{3}{4}x + \frac{11}{4} $
E. $ y = \frac{4}{3}x + \frac{2}{3} $
F. $ y = \frac{3}{4}x - \frac{1}{4} $
G. $ y = -\frac{3}{4}x + \frac{13}{4} $
H. $ y = \frac{4}{3}x - \frac{10}{3} $
I. $ y = \frac{3}{4}x + \frac{7}{4} $
J. $ y = -\frac{4}{3}x + \frac{8}{3} $",,,,,,Skipped because word count (52) <= 100,A,C
val_0072,"Đoạn thông tin:
[1] Tiêu đề: Ném đá
Nội dung: Thạch hình là một phương pháp tử hình trong đó một nhóm người ném đá vào người cho đến khi đối tượng chết vì chấn thương cùn. Nó đã được chứng thực như một hình thức trừng phạt cho những hành vi sai trái nghiêm trọng từ thời cổ đại. Việc áp dụng nó trong một số hệ thống pháp lý đã gây ra tranh cãi trong những thập kỷ gần đây.
Torah và Talmud quy định ném đá là hình phạt cho một số hành vi phạm tội. Trong nhiều thế kỷ, Do Thái giáo Rabbinic đã phát triển một số hạn chế về thủ tục khiến cho các luật này thực tế không thể thực thi được. Mặc dù ném đá không được đề cập trong Kinh Qur'an, luật học Hồi giáo cổ điển (fiqh) đã áp đặt ném đá như một hình phạt hadd (mô tả trong sharia) đối với một số hình thức zina (giao hợp bất hợp pháp) trên cơ sở của hadith (những lời nói và hành động được gán cho nhà tiên tri Hồi giáo Muhammad). Nó cũng phát triển một số yêu cầu về thủ tục khiến zina hầu như không thể chứng minh trong thực tế.
Ném đá dường như là phương pháp trừng phạt tư bản tiêu chuẩn ở Israel cổ đại. Việc sử dụng nó được chứng thực trong thời kỳ đầu của Kitô giáo, nhưng các tòa án Do Thái thường tránh ném đá các câu trong thời gian sau đó. Chỉ có một vài trường hợp cô lập về ném đá hợp pháp được ghi lại trong lịch sử tiền hiện đại của thế giới Hồi giáo. Luật hình sự của hầu hết các quốc gia đa số Hồi giáo hiện đại đã bắt nguồn từ các mô hình phương Tây. Trong những thập kỷ gần đây, một số quốc gia đã chèn các hình phạt ném đá và các hình phạt hudud (pl. Of hadd) khác vào bộ luật hình sự của họ dưới ảnh hưởng của các phong trào Hồi giáo. Những luật này có tầm quan trọng đặc biệt đối với những người bảo thủ tôn giáo do nguồn gốc kinh điển của họ, mặc dù trong thực tế, chúng đã đóng một vai trò mang tính biểu tượng và có xu hướng rơi vào tình trạng không sử dụng được.
Trong thời gian gần đây, ném đá là một hình phạt hợp pháp hoặc theo thông lệ ở Các Tiểu vương quốc Ả Rập Thống nhất, Iraq, Qatar, Mauritania, Ả Rập Saudi, Somalia, Sudan, Yemen, miền bắc Nigeria, Afghanistan, Brunei và các bộ lạc của Pakistan, bao gồm cả phía tây bắc Thung lũng Kurram và vùng tây bắc Khwezai-Baezai. Ở một số quốc gia này, bao gồm Afghanistan và Iraq, nơi ném đá là không hợp pháp, nó đã được các chiến binh, lãnh đạo bộ lạc và các quốc gia khác thực hiện theo cách phi pháp. Ở một số quốc gia khác, bao gồm Nigeria và Pakistan, mặc dù ném đá là một hình thức trừng phạt hợp pháp, nó chưa bao giờ được thực hiện một cách hợp pháp. Việc ném đá bị lên án bởi các tổ chức nhân quyền và các bản án ném đá đã gây ra tranh cãi quốc tế. Trừng phạt ngoại tình bằng ném đá có mức độ hỗ trợ từ công chúng khác nhau trong thế giới Hồi giáo, từ 86% với người Hồi giáo ở Pakistan đến 6% với người Hồi giáo ở Albania và Bosnia.

I. Kinh sách tôn giáo và pháp luật
1. Do Thái giáo

1.1. Torah

Kinh Torah Do Thái (năm cuốn sách đầu tiên của Kinh thánh Do Thái: Genesis, Exodus, Leviticus, Numbers, và Deuteronomy) phục vụ như một tài liệu tham khảo tôn giáo phổ biến cho Do Thái giáo. Ném đá là phương thức thực hiện được đề cập thường xuyên nhất trong Torah. (Kẻ giết người không được nhắc đến như một hành vi phạm tội bị trừng phạt bằng cách ném đá, nhưng có vẻ như một thành viên trong gia đình nạn nhân đã được phép giết kẻ giết người;) Các tội lỗi bị trừng phạt bằng cách ném đá là:

Chạm vào Núi Sinai trong khi Thiên Chúa ban cho Môi-se Mười Điều răn, Exodus 19:13
Một con bò làm chết người nên bị ném đá, Exodus 21:28
Phá vỡ ngày Sa-bát, Numbers 15:32 cường36
Đưa ""con đẻ"" "" cho Molech "" Leviticus 20:2 -5
Có một "" ma quỷ quen thuộc "" (hoặc là một thầy chiêu hồn) hoặc là một "" phù thủy "", Leviticus 20:27
Dụ dỗ người khác vào đa thần giáo, Deuteronomy 13:7
Nguyền rủa Chúa, Leviticus 24:10
Tham gia vào thờ phụng hình tượng, Phục truyền luật lệ ký 17: 2-7; hoặc dụ dỗ người khác làm như vậy, Deuteronomy 13:7
""Nổi loạn"" chống lại cha mẹ Deuteronomy 21:18-21.
Kết hôn như một trinh nữ, khi không còn trinh trắng, Deuteronomy 22:13 22,1321
Quan hệ tình dục giữa một người đàn ông và một người phụ nữ đã đính hôn với một người đàn ông khác trong thị trấn, vì cô ấy không hét lên báo động, Deuteronomy 22:23-24; cả hai người nên bị ném đá đến chết.
Quan hệ tình dục cưỡng bức giữa một người đàn ông và một người phụ nữ đính hôn với một người đàn ông khác, trên một cánh đồng, nơi không ai có thể nghe thấy tiếng khóc của cô ấy và cứu cô ấy, Deuteronomy 22:25-27; người đàn ông nên bị ném đá.Một trường hợp được ghi chú trong Kinh Thánh, không thuộc bất kỳ loại nào ở trên, là của Achan, bị ném đá đến chết cùng với cừu, gia súc khác và con của anh ta vì đã cướp được những vật có giá trị từ Jericho trong Cuộc chinh phạt Canaan của Joshua.

1.2. Mishna

Talmud mô tả bốn phương thức xử tử: ném đá, đổ chì nóng chảy xuống họng của người bị kết án, chặt đầu và thắt cổ. Mishna đưa ra danh sách những người nên bị ném đá sau đây.""Áp dụng ném đá cho những kẻ tội lỗi sau đây - אאלו הן הןיהן

một người đã có quan hệ tình dục với mẹ mình - על האם
với vợ của cha mình - עלעל
với con dâu của mình - על
một người đàn ông với một người đàn ông khác -
hoặc với gia súc - על
và tương tự là trường hợp với một người phụ nữ khỏa thân trước gia súc - האשההאשההמב
với một lời báng bổ -
thờ cúng biểu tượng khác - הע
người hy sinh một trong những đứa con của mình cho Molech - הנ מז למ
một người để ma quỷ nhập vào mình - בעל
một phù thủy - tiếng Tây Ban Nha
một người vi phạm ngày Sa-bát - המחללהמחלל
một người nguyền rủa cha hoặc mẹ của mình - המקלל
một người đã hành hung một cô gái đã hứa hôn - הבא נע סה
một người đã thuyết phục người khác tôn thờ các biểu tượng khác - המס
và một người đã lừa đảo cả một thị trấn - המד
một phù thủy (nam hoặc nữ) - המכשף
một đứa con trai bướng bỉnh và nổi loạn - בןVì một mình Thiên Chúa được coi là trọng tài duy nhất trong việc sử dụng hình phạt tử hình, không phải là người trần, sách Sanhedrin đã coi ném đá là cận trên giả thuyết về mức độ nghiêm trọng của hình phạt.
Câu hỏi: Theo nội dung được cung cấp, trong các tội danh sau đây, tội nào được quy định trong Torah (cụ thể là Deuteronomy) là bị xử tử bằng hình thức ném đá?","A. Quan hệ tình dục với một người phụ nữ đã đính hôn với người khác mà không có tiếng kêu cứu (Deuteronomy 22:23-24)
B. Giao cấu với gia súc (được quy định trong Mishna)
C. Nguyền rủa cha hoặc mẹ (được quy định trong Mishna)
D. Con trai bướng bỉnh và nổi loạn (Deuteronomy 21:18-21)",,,,,,"Bước 1: Chủ thể là Torah, cụ thể là Deuteronomy. Yêu cầu là tìm tội danh bị xử tử bằng hình thức ném đá. Bước 2: Dữ kiện cho thấy Deuteronomy quy định ném đá cho các tội như 'Nổi loạn' chống lại cha mẹ (Deuteronomy 21:18-21), 'Kết hôn như một trinh nữ, khi không còn trinh trắng' (Deuteronomy 22:13-21), 'Quan hệ tình dục giữa một người đàn ông và một người phụ nữ đã đính hôn với một người đàn ông khác trong thị trấn, vì cô ấy không hét lên báo động' (Deuteronomy 22:23-24). Bỏ qua thông tin về Mishna vì nó không liên quan trực tiếp đến Deuteronomy. Bước 3: A đúng vì Deuteronomy 22:23-24 quy định ném đá cho tội này. B sai vì giao cấu với gia súc được quy định trong Mishna, không phải Deuteronomy. C sai vì nguyền rủa cha hoặc mẹ được quy định trong Mishna, không phải Deuteronomy. D đúng vì Deuteronomy 21:18-21 quy định ném đá cho tội này. Bước 4: Kiểm tra lại thấy cả A và D đều đúng, nhưng câu hỏi chỉ cho phép chọn một đáp án. Vì vậy, cần xem xét kỹ hơn. Cả A và D đều được quy định trong Deuteronomy, nhưng A liên quan đến quan hệ tình dục với người phụ nữ đã đính hôn, trong khi D liên quan đến con trai bướng bỉnh và nổi loạn. Cả hai đều có thể bị xử tử bằng hình thức ném đá, nhưng A có thêm điều kiện 'không có tiếng kêu cứu', trong khi D không có điều kiện này. Vì vậy, A có thể được coi là một trường hợp cụ thể hơn.",A,D
val_0075,"Vào ngày 30 tháng 1 năm 2019, Printing Plus đã mua nguyên vật liệu trả chậm với giá 500 đô la, khoản thanh toán sẽ được thực hiện trong vòng ba tháng. Tác động đến phương trình kế toán là gì?","A. Tài sản tăng 500 đô la và nợ phải trả giảm 500 đô la
B. Tài sản giảm 500 đô la và vốn chủ sở hữu tăng 500 đô la
C. Tài sản tăng 500 đô la và vốn chủ sở hữu tăng 500 đô la
D. Tài sản tăng 500 đô la và nợ phải trả tăng 500 đô la",,,,,,Skipped because word count (41) <= 100,A,D
val_0076,"Một công ty đang xem xét việc đầu tư vào một dòng sản phẩm mới. Lợi nhuận kỳ vọng trên vốn đầu tư là 15%, nhưng có khả năng 20% dòng sản phẩm này sẽ thất bại và dẫn đến mức lỗ 10%. Giá trị kỳ vọng của khoản đầu tư này là bao nhiêu?","A. 13%
B. 12%
C. 11%
D. 10%",,,,,,Skipped because word count (55) <= 100,A,D
val_0077,Tại sao cần có cơ chế thu thập thông tin trong doanh nghiệp?,"A. Để theo dõi nhân viên mà không có mục đích cải thiện.
B. Để ghi nhận hiệu quả của cá nhân và bộ phận nhằm cải thiện hoạt động.
C. Để giảm số lượng nhân sự mà không cần đánh giá hiệu suất.
D. Không cần thu thập thông tin về hiệu suất làm việc.",,,,,,Skipped because word count (13) <= 100,A,B
val_0079,"Theo Chủ Tịch Hồ Chí Minh, học để làm gì?","A. Làm việc
B. Làm cán bộ.
C. Làm người.
D. Cả a, b, c.",,,,,,Skipped because word count (10) <= 100,A,D
val_0080,Câu hỏi nào dưới đây mô tả tốt nhất vai trò của các thiên kiến nhận thức trong quá trình ra quyết định?,"A. Các thiên kiến nhận thức đảm bảo rằng tất cả các quyết định đều được đưa ra một cách hợp lý và không có sai sót.
B. Các thiên kiến nhận thức là bẩm sinh và không thể bị ảnh hưởng hoặc giảm thiểu bởi nhận thức cá nhân.
C. Các thiên kiến nhận thức giúp cá nhân đưa ra quyết định nhanh hơn bằng cách dựa vào các cách tiếp cận heuristics.
D. Các thiên kiến nhận thức chỉ dựa trên ảnh hưởng văn hóa và xã hội và không mang tính phổ quát.
E. Các thiên kiến nhận thức không liên quan đến việc hiểu hành vi con người và quá trình ra quyết định.
F. Các thiên kiến nhận thức có thể được loại bỏ hoàn toàn thông qua giáo dục và đào tạo.
G. Các thiên kiến nhận thức chỉ ảnh hưởng đến quá trình ra quyết định trong các tình huống căng thẳng cao và không có tác động trong cuộc sống hàng ngày.
H. Các thiên kiến nhận thức cho thấy tất cả các cá nhân đều ra quyết định theo cùng một cách.
I. Các thiên kiến nhận thức chỉ mang tính tích cực và dẫn đến kết quả tốt hơn trong quá trình ra quyết định.
J. Khái niệm về các thiên kiến nhận thức đã bị bác bỏ bởi tính hợp lý trong quá trình ra quyết định của con người.",,,,,,Skipped because word count (23) <= 100,A,C
val_0082,"Trong một cuộc cạnh tranh Cournot với hai doanh nghiệp, mỗi doanh nghiệp có chi phí biên sản xuất không đổi là $ c $ và hàm cầu thị trường được cho bởi $ Q = a - P $, trong đó $ P $ là giá và $ a $ là một hằng số dương. Nếu cả hai doanh nghiệp chọn lượng sản phẩm của họ đồng thời và độc lập, thì phát biểu nào sau đây là đúng về lượng cân bằng Nash $ q^* $ cho mỗi doanh nghiệp?","A. $ q^* = \frac{a - c}{4} $
B. $ q^* = \frac{a - c}{3} $
C. $ q^* = \frac{a - c}{2} $
D. $ q^* = \frac{a + c}{4} $
E. $ q^* = \frac{a + c}{3} $
F. $ q^* = \frac{a}{2} $
G. $ q^* = \frac{a}{3} $
H. $ q^* = \frac{a}{4} $
I. $ q^* = \frac{2a - c}{3} $
J. $ q^* = \frac{a - 2c}{3} $",,,,,,Skipped because word count (92) <= 100,A,B
val_0083,Văn hóa vật thể là những hiện tượng văn hóa nào?,"A. Chỉ bao gồm nghệ thuật biểu diễn
B. Chỉ bao gồm các tác phẩm nghệ thuật và tri thức dân gian
C. Các hiện tượng văn hóa hữu hình có thể tiếp xúc trực tiếp qua các giác quan
D. Các giá trị tri thức được lưu giữ qua các thế hệ",,,,,,Skipped because word count (11) <= 100,A,C
val_0084,"Khoảng cách giữa hai cực của ống phóng tia X bằng 2 cm, hiệu điện thế giữa hai cực là 100 kV. Cường độ điện trường giữa hai cực bằng:","A.  200 V/m.
B.  50 V/m.
C.  2 000 V/m
D.  5 000 000 V/m",,,,,,Skipped because word count (30) <= 100,A,D
val_0086,Nghệ thuật trong đoạn 1 bài 'Tinh thần yêu nước của nhân dân ta' là gì?,"A. Phép nhân hóa
B. Dùng phép liệt kê tăng tiến
C. Dùng dẫn chứng tiêu biểu
D. Dùng câu văn ngắn, nhịp điệu nhanh",,,,,,Skipped because word count (16) <= 100,A,B
val_0087,"Trong vận chuyển bằng đường ống, sự giảm áp suất $ \Delta P $ trên một đoạn ống có chiều dài $ L $ được cho bởi phương trình Darcy-Weisbach:
$$ \Delta P = f \cdot \frac{L}{D} \cdot \frac{\rho v^2}{2} $$
trong đó $ f $ là hệ số ma sát Darcy, $ D $ là đường kính ống, $ \rho $ là mật độ chất lỏng, và $ v $ là tốc độ chất lỏng. Nếu một đường ống đang vận chuyển một chất lỏng có mật độ 800 kg/m³ với tốc độ 2 m/s trên quãng đường 500 mét, và đường kính ống là 0,4 mét, thì sự giảm áp suất là bao nhiêu nếu hệ số ma sát Darcy $ f $ là 0,015?","A. 15 kPa
B. 30 kPa
C. 45 kPa
D. 60 kPa
E. 75 kPa
F. 90 kPa
G. 105 kPa
H. 120 kPa
I. 135 kPa
J. 150 kPa",,,,,,"Bước 1: Chủ thể là sự giảm áp suất ΔP trong vận chuyển bằng đường ống. Yêu cầu là tìm giá trị của ΔP. Bước 2: Dữ kiện cho thấy ΔP = f · (L/D) · (ρv²/2), với f = 0,015, L = 500m, D = 0,4m, ρ = 800kg/m³, v = 2m/s. Bỏ qua thông tin về các biến số khác. Bước 3: A sai vì giá trị quá thấp, B sai vì giá trị quá thấp, C sai vì giá trị quá thấp, D sai vì giá trị quá thấp, E sai vì giá trị quá thấp, F sai vì giá trị quá thấp, G sai vì giá trị quá thấp, H sai vì giá trị quá thấp, I sai vì giá trị quá thấp, J đúng vì giá trị phù hợp với tính toán. Bước 4: Kiểm tra lại thấy hợp lý.",J,B
val_0089,"Sự phát triển nhảy vọt về nhận thức, tư tưởng của Chủ Tịch Hồ Chí Minh từ một thanh niên yêu nước chân chính sang một chiến sĩ cộng sản sau khi Người đọc được văn kiện nào sau đây?","A.  Tuyên ngôn của Đảng Cộng sản do Mác soạn thảo (1848)
B.  Bản Sơ thảo lần thứ nhất những luận cương về vấn đề dân tộc và vấn đề thuộc địa của Lênin (1920)
C.  Tuyên bố của Quốc tế Cộng sản (Quốc tế 3)
D.  Tuyên bố của Quốc tế Cộng sản (Quốc tế 3) về vấn đề dân tộc và thuộc địa",,,,,,Skipped because word count (40) <= 100,A,B
val_0090,"Giả sử $ T: \mathbb{R}^3 \to \mathbb{R}^3 $ là một toán tử tuyến tính được biểu diễn bởi ma trận
$$= \begin{pmatrix}& 1 & 0 \\& 2 & 1 \\& 0 & 2. Câu nào sau đây là đúng về các giá trị riêng của $ T $?","A. Các giá trị riêng là 1, 2 và 3.
B. Các giá trị riêng là 2, 2 và 2.
C. Các giá trị riêng là 0, 1 và 2.
D. Các giá trị riêng là 1, 2 và 4.
E. Các giá trị riêng là 1, 0 và 2.
F. Các giá trị riêng là 2, 2 và 4.
G. Các giá trị riêng là 2, 2 và 0.
H. Các giá trị riêng là 1, 2 và 3.
I. Các giá trị riêng là 2, 3 và 4.
J. Các giá trị riêng là 2, 2 và 5.",,,,,,Skipped because word count (48) <= 100,A,B
val_0093,Kết quả của việc chia thành phần x của một véc-tơ lực cho thành phần y của nó là gì?,"A. Tangent của góc
B. Sine của góc
C. Cosine của góc
D. Cotangent của góc
E. Secant của góc
F. Cosecant của góc
G. Arcsine của góc
H. Arccosine của góc
I. Arctangent của góc
J. Tangent hyperbol của góc",,,,,,Skipped because word count (20) <= 100,A,D
